{
  "dataset_name": "eval_samples",
  "setting": "setting_5",
  "open_source": false,
  "n_runs": 10,
  "n_samples": 1,
  "micro_precision": {
    "mean": 0.7218600973450806,
    "std": 0.056042070874560306,
    "n_runs": 10
  },
  "micro_recall": {
    "mean": 0.6766666666666666,
    "std": 0.07000000000000002,
    "n_runs": 10
  },
  "micro_f1": {
    "mean": 0.6979721873649204,
    "std": 0.060907883702848484,
    "n_runs": 10
  },
  "avg_generation_time_seconds": {
    "mean": 124.97676225839822,
    "std": 10.6584419547755,
    "n_runs": 10
  },
  "judge_semantic_alignment_score": {
    "mean": 75.3,
    "std": 1.6155494421403513,
    "n_runs": 10
  },
  "per_type": {
    "roles": {
      "precision": {
        "mean": 0.9428571428571428,
        "std": 0.11428571428571428,
        "n_runs": 10
      },
      "recall": {
        "mean": 1.0,
        "std": 0.0,
        "n_runs": 10
      },
      "f1": {
        "mean": 0.9666666666666666,
        "std": 0.0666666666666667,
        "n_runs": 10
      }
    },
    "activities": {
      "precision": {
        "mean": 0.6888095238095238,
        "std": 0.07688568612010126,
        "n_runs": 10
      },
      "recall": {
        "mean": 0.6117647058823531,
        "std": 0.07533087338156294,
        "n_runs": 10
      },
      "f1": {
        "mean": 0.6475134408602151,
        "std": 0.07420434107046936,
        "n_runs": 10
      }
    },
    "events": {
      "precision": {
        "mean": 0.6833333333333333,
        "std": 0.0726483157256779,
        "n_runs": 10
      },
      "recall": {
        "mean": 0.675,
        "std": 0.16007810593582122,
        "n_runs": 10
      },
      "f1": {
        "mean": 0.6685714285714286,
        "std": 0.09286813121797144,
        "n_runs": 10
      }
    },
    "gateways": {
      "precision": {
        "mean": 0.6316666666666666,
        "std": 0.23492906730897872,
        "n_runs": 10
      },
      "recall": {
        "mean": 0.55,
        "std": 0.18708286933869706,
        "n_runs": 10
      },
      "f1": {
        "mean": 0.5813492063492063,
        "std": 0.20307420944744797,
        "n_runs": 10
      }
    }
  }
}
