{
  "dataset_name": "eval_samples",
  "setting": "setting_3",
  "open_source": false,
  "n_runs": 10,
  "n_samples": 1,
  "micro_precision": {
    "mean": 0.8928404928404928,
    "std": 0.03397777570746361,
    "n_runs": 10
  },
  "micro_recall": {
    "mean": 0.6833333333333333,
    "std": 0.03415650255319865,
    "n_runs": 10
  },
  "micro_f1": {
    "mean": 0.7733175321410615,
    "std": 0.024050877129492318,
    "n_runs": 10
  },
  "avg_generation_time_seconds": {
    "mean": 93.78109990409575,
    "std": 16.32303228412792,
    "n_runs": 10
  },
  "judge_semantic_alignment_score": {
    "mean": 69.7,
    "std": 4.775981574503821,
    "n_runs": 10
  },
  "per_type": {
    "roles": {
      "precision": {
        "mean": 1.0,
        "std": 0.0,
        "n_runs": 10
      },
      "recall": {
        "mean": 1.0,
        "std": 0.0,
        "n_runs": 10
      },
      "f1": {
        "mean": 1.0,
        "std": 0.0,
        "n_runs": 10
      }
    },
    "activities": {
      "precision": {
        "mean": 0.8284382284382286,
        "std": 0.049412438741963154,
        "n_runs": 10
      },
      "recall": {
        "mean": 0.5647058823529412,
        "std": 0.03901911518065177,
        "n_runs": 10
      },
      "f1": {
        "mean": 0.6711001642036125,
        "std": 0.03995617488057864,
        "n_runs": 10
      }
    },
    "events": {
      "precision": {
        "mean": 1.0,
        "std": 0.0,
        "n_runs": 10
      },
      "recall": {
        "mean": 0.95,
        "std": 0.09999999999999999,
        "n_runs": 10
      },
      "f1": {
        "mean": 0.9714285714285715,
        "std": 0.05714285714285716,
        "n_runs": 10
      }
    },
    "gateways": {
      "precision": {
        "mean": 0.8416666666666666,
        "std": 0.16007810593582122,
        "n_runs": 10
      },
      "recall": {
        "mean": 0.525,
        "std": 0.075,
        "n_runs": 10
      },
      "f1": {
        "mean": 0.6369047619047621,
        "std": 0.05862415358211962,
        "n_runs": 10
      }
    }
  }
}
